Complexity,Loss,Equation
1,0.015743991,"0.016030528"
2,0.00040210332,"sin(x15)"
3,0.0,"x15 * 1.0"
