Complexity,Loss,Equation
1,0.07083366,"x5"
3,0.07059012,"x5 * 0.9546841"
5,0.07023702,"x5 + (x7 * -0.16325371)"
6,0.0671752,"sin(x5 * 0.3453656) * 3.2636735"
8,0.06572342,"x5 - ((x3 * x6) * sin(x5))"
9,0.064564645,"x5 - (sin(x6 * x5) * cube(x3))"
10,0.06345203,"x5 - (x3 * sin(x6 * (x5 / 0.31547177)))"
