Complexity,Loss,Equation
1,0.0047,"x7"
3,0.004684791,"x7 + 0.0039000937"
5,0.0046668868,"(x7 * 0.9596617) - -0.0043397318"
7,0.0046409364,"x7 - ((x5 - x3) * -0.012445751)"
8,0.004633997,"(x7 - (-0.0039722947 / exp(x3))) * 0.95439035"
9,0.0046124756,"(x7 * 0.9492783) - ((x5 - x3) * -0.012446072)"
