Complexity,Loss,Equation
1,0.084184945,"0.45051864"
3,0.023955077,"-0.020316591 / x2"
4,0.00070244074,"exp(-0.42361155 - x1)"
5,0.0002568066,"(x3 - -2.286031) / 3.811335"
6,1.5050173e-6,"abs((x3 - -0.67644787) / 0.7295958)"
9,8.940697e-8,"abs(x0 - abs((x3 - -0.67336655) / 0.7762947))"
10,0.0,"abs((x3 - (-0.79728377 - x0)) / (x0 / -0.039648015))"
