Complexity,Loss,Equation
1,4.8800855e-5,"x0"
3,9.398048e-6,"x0 * 1.0181632"
5,8.9025946e-8,"x0 - (x2 * -0.010050652)"
